feature,importance
numeric__recent7_disconnections,0.11399364833336977
numeric__recent7_disconnection_hours,0.07972306755056213
numeric__recent28_disconnections,0.07155186967523787
numeric__previous21_disconnections,0.06392166520739137
numeric__recent28_disconnection_hours,0.05895094503823754
numeric__previous21_disconnection_hours,0.058456260166061494
numeric__recent7_no_conn_importance_mean,0.038055407755968926
numeric__recent28_no_conn_importance_mean,0.031404518004649516
numeric__recent7_offline_mean_sec,0.03079526423826917
numeric__recent7_offline_hours,0.027597347963264223
numeric__recent7_coverage_ratio,0.023025879221185652
numeric__recent7_hours,0.02258593553181683
numeric__recent28_offline_mean_sec,0.021035954641510476
numeric__recent28_offline_hours,0.020054867128896273
numeric__previous21_no_conn_importance_mean,0.019924457348120077
numeric__previous21_hours,0.01754688291788621
numeric__meter_success_min,0.0153101030204714
numeric__recent28_hours,0.013749453194498098
numeric__trend_disconnections,0.01286829385438534
numeric__recent7_rx_packets,0.01271809279296638
numeric__meter_success_mean,0.010719906490649604
numeric__recent7_crc_bad,0.010542864556996653
numeric__previous21_offline_hours,0.010485670161691258
numeric__meter_success_std,0.010290154835578795
numeric__recent28_coverage_ratio,0.009411008850499275
numeric__recent28_rx_packets,0.008787698955893914
numeric__previous21_offline_mean_sec,0.008676887233116989
numeric__recent28_rssi_good,0.007958189642524857
numeric__recent28_crc_bad,0.007695057665604368
numeric__previous21_coverage_ratio,0.006569814441847103
numeric__recent7_rssi_good,0.005927804996384473
numeric__previous21_rssi_good,0.005798168890859836
numeric__previous21_rssi_good_rate,0.005666424192473382
numeric__ratio_disconnections,0.005572955877844496
numeric__trend_offline_hours,0.0055508839555980394
numeric__recent28_rssi_good_rate,0.0051175460396571375
numeric__recent7_rssi_good_rate,0.004646717760131008
numeric__previous21_crc_bad,0.004594112692444266
numeric__ratio_offline_hours,0.004485389175963371
numeric__recent28_offline_max_sec,0.004381994630227706
numeric__previous21_rx_packets,0.004152430583762085
numeric__recent7_reboot_importance_mean,0.0038450242060851293
numeric__recent28_reboot_duration_sec,0.0037052352747618915
numeric__recent28_rssi_bad,0.003455208120267137
numeric__previous21_rssi_bad,0.003334751752803995
numeric__recent7_offline_max_sec,0.0032257676050058
numeric__previous21_offline_max_sec,0.0031423154444159052
numeric__previous21_rssi_bad_rate,0.0030041480041922406
numeric__recent7_rssi_bad_rate,0.0029614623298657617
numeric__recent7_rssi_bad,0.002867186275394869
numeric__trend_rssi_bad_rate,0.002838238792841952
numeric__recent28_rssi_bad_rate,0.0027888850808319614
numeric__meters_read_mean,0.0026458797608723316
numeric__ratio_rssi_bad_rate,0.002397669820393308
numeric__recent7_rssi_normal,0.002283288230368461
numeric__recent28_reboot_importance_mean,0.002280079963637903
numeric__recent7_crc_bad_rate,0.002197258960385316
numeric__recent7_network_unknown_rate,0.0021879182336557073
numeric__recent28_crc_bad_rate,0.0021361543605058217
numeric__trend_network_unknown_rate,0.002112650409507735
numeric__previous21_network_unknown,0.0021003225807532055
numeric__ratio_network_unknown_rate,0.002032099490241625
numeric__recent28_rssi_normal,0.002018265675059038
numeric__previous21_network_unknown_rate,0.0020021700503689566
numeric__recent28_network_unknown_rate,0.0019979896877986903
numeric__previous21_rssi_normal,0.0019958857244304785
numeric__trend_crc_bad_rate,0.0019635432373738904
numeric__recent7_reboot_duration_sec,0.0018838151447866324
numeric__previous21_crc_bad_rate,0.0018657832917988437
numeric__previous21_reboot_duration_sec,0.0018048843350737989
numeric__meters_expected_mean,0.0016356144168975055
numeric__recent7_network_unknown,0.0016266742981380685
numeric__ratio_crc_bad_rate,0.0016259134458249114
numeric__recent28_network_unknown,0.0016087181409090777
numeric__n_meters_installed,0.0015959531801862028
numeric__historical_visits,0.0014449854317687876
numeric__historical_no_error,0.0013228178393993564
numeric__recent28_reboots,0.0012609027327415267
numeric__trend_reboots,0.0012530660338777458
numeric__previous21_reboot_importance_mean,0.0011877744495255216
numeric__recent28_reboot_hours,0.0010385493098344514
numeric__recent7_reboot_hours,0.000924123435929205
numeric__previous21_reboots,0.0009187683231049778
numeric__previous21_reboot_hours,0.0008800093199956404
numeric__recent7_reboots,0.0008518931241760148
numeric__ratio_reboots,0.0008165947919325571
categorical__antenna_type_Yagi 9dBi,0.000757464411551639
numeric__historical_fixed_errors,0.0005680594029623059
categorical__fw_version_3.3.1,0.0004564575589330611
categorical__hw_model_GW-2100,0.00036682010654639786
categorical__fw_version_3.2.0,0.0003188689543887845
categorical__region_Nordrhein-Westfalen,0.0002961356761648246
categorical__hw_model_GW-2100L,0.00028348419577449473
categorical__tenant_tenant_b,0.0002480804643819262
categorical__antenna_type_Panel 7dBi,0.00024139793974245485
categorical__hw_model_GW-3400,0.00024125445754383186
categorical__site_type_Heizraum,0.0002224016970301462
categorical__tenant_tenant_a,0.0002218225820092817
categorical__fw_version_2.15.1,0.00022164206028246254
categorical__site_type_Gebäude,0.00020951051080027032
categorical__antenna_type_Omni 5dBi,0.00019792226976586203
categorical__region_Hessen,0.00019664300501451924
categorical__site_type_Schaltschrank,0.00017609513756887461
categorical__antenna_type_Omni 3dBi,0.00017422300556798982
categorical__region_Baden-Württemberg,0.0001438695702082024
categorical__site_type_Außenmast,0.00014319213655485707
categorical__fw_version_2.14.3,0.00014145571567272702
categorical__tenant_tenant_c,0.00012959357075042222
categorical__region_Bayern,0.00012854965307426775
categorical__region_Niedersachsen,0.00012828991419152347
numeric__historical_no_access,0.0001144325176342162
categorical__site_type_Kellerraum,8.990917348328771e-05
categorical__region_Sachsen,8.90879798199921e-05
categorical__tenant_tenant_d,6.78789061558893e-05
categorical__hw_model_GW-8800X,5.762209420833163e-05
numeric__meter_weeks_observed,0.0
